{
    "Bucharest": {
        "Bucharest": 0.0, 
        "Pitesti": 89.89438247187641, 
        "Vaslui": 159.90622251807463, 
        "Dobreta": 236.66220653074288, 
        "Hirsova": 135.95955280891445, 
        "Craiova": 152.0855022676389, 
        "Sibiu": 232.69937687926884, 
        "Eforie": 165.5294535724685, 
        "Fagaras": 154.62535367784935, 
        "Urziceni": 60.53924347066124, 
        "Giurgiu": 62.24146527838174, 
        "Oradea": 363.17626574433524, 
        "Timisoara": 317.0567772497538, 
        "Mehadia": 232.31013753170566, 
        "Lugoj": 240.68444071023785, 
        "Arad": 350.2941620980858, 
        "Zerind": 356.20218977429096, 
        "Iasi": 193.31321734428818, 
        "Neamt": 210.08569680013915, 
        "Rimnicu Vilcea": 186.48860555004427
    }, 
    "Pitesti": {
        "Bucharest": 89.89438247187641, 
        "Pitesti": 0.0, 
        "Vaslui": 203.70812453115363, 
        "Dobreta": 169.66437457521835, 
        "Hirsova": 214.75567512873786, 
        "Craiova": 104.35037134576953, 
        "Sibiu": 143.8401890988746, 
        "Eforie": 253.3554814879678, 
        "Fagaras": 82.37718130647589, 
        "Urziceni": 137.18600511714013, 
        "Giurgiu": 112.37882362794157, 
        "Oradea": 277.3625785862253, 
        "Timisoara": 229.8695282111137, 
        "Mehadia": 154.74172029546526, 
        "Lugoj": 155.3898323572041, 
        "Arad": 260.4169733331528, 
        "Zerind": 267.41914665932205, 
        "Iasi": 206.0412580043133, 
        "Neamt": 189.62331080328704, 
        "Rimnicu Vilcea": 96.60745312862771
    }, 
    "Vaslui": {
        "Bucharest": 159.90622251807463, 
        "Pitesti": 203.70812453115363, 
        "Vaslui": 0.0, 
        "Dobreta": 373.3108624189765, 
        "Hirsova": 97.26767191621273, 
        "Craiova": 299.7865907608277, 
        "Sibiu": 302.2796718272666, 
        "Eforie": 160.0312469488381, 
        "Fagaras": 204.0612653102004, 
        "Urziceni": 107.91200118615167, 
        "Giurgiu": 219.61784991206886, 
        "Oradea": 398.7643414348881, 
        "Timisoara": 416.39044177310313, 
        "Mehadia": 356.79966367697153, 
        "Lugoj": 350.08713201144656, 
        "Arad": 420.7469548315234, 
        "Zerind": 410.3291361821629, 
        "Iasi": 71.69379331573968, 
        "Neamt": 138.77319625922004, 
        "Rimnicu Vilcea": 278.08631753468205
    }, 
    "Dobreta": {
        "Bucharest": 236.66220653074288, 
        "Pitesti": 169.66437457521835, 
        "Vaslui": 373.3108624189765, 
        "Dobreta": 0.0, 
        "Hirsova": 372.5077180408481, 
        "Craiova": 88.68483523128404, 
        "Sibiu": 163.48700254148645, 
        "Eforie": 397.04533746160524, 
        "Fagaras": 205.1828452868319, 
        "Urziceni": 295.4352720986443, 
        "Giurgiu": 211.9929244102265, 
        "Oradea": 274.11676344215067, 
        "Timisoara": 131.76494222667878, 
        "Mehadia": 40.11234224026316, 
        "Lugoj": 80.0, 
        "Arad": 206.70026608594387, 
        "Zerind": 238.89956048515452, 
        "Iasi": 371.09702235399305, 
        "Neamt": 338.71079108879894, 
        "Rimnicu Vilcea": 130.17296186228538
    }, 
    "Hirsova": {
        "Bucharest": 135.95955280891445, 
        "Pitesti": 214.75567512873786, 
        "Vaslui": 97.26767191621273, 
        "Dobreta": 372.5077180408481, 
        "Hirsova": 0.0, 
        "Craiova": 287.75857936819193, 
        "Sibiu": 344.06104109590785, 
        "Eforie": 63.50590523722971, 
        "Fagaras": 249.48346638605133, 
        "Urziceni": 78.0, 
        "Giurgiu": 177.99157283422156, 
        "Oradea": 459.6194077712559, 
        "Timisoara": 444.07206622349037, 
        "Mehadia": 366.16526323505894, 
        "Lugoj": 370.1378121727095, 
        "Arad": 465.20210661603846, 
        "Zerind": 462.85742945317406, 
        "Iasi": 167.5022387910084, 
        "Neamt": 226.61200321253946, 
        "Rimnicu Vilcea": 306.9218141481638
    }, 
    "Craiova": {
        "Bucharest": 152.0855022676389, 
        "Pitesti": 104.35037134576953, 
        "Vaslui": 299.7865907608277, 
        "Dobreta": 88.68483523128404, 
        "Hirsova": 287.75857936819193, 
        "Craiova": 0.0, 
        "Sibiu": 175.1485084150019, 
        "Eforie": 309.04045042680093, 
        "Fagaras": 169.1892431568863, 
        "Urziceni": 212.25691979297164, 
        "Giurgiu": 123.32072007574396, 
        "Oradea": 308.1768972522113, 
        "Timisoara": 200.4120754844877, 
        "Mehadia": 99.12618221237011, 
        "Lugoj": 126.58988901172162, 
        "Arad": 260.4995201531089, 
        "Zerind": 282.9734969922095, 
        "Iasi": 309.7159989409653, 
        "Neamt": 292.2498930709813, 
        "Rimnicu Vilcea": 123.62847568420473
    }, 
    "Sibiu": {
        "Bucharest": 232.69937687926884, 
        "Pitesti": 143.8401890988746, 
        "Vaslui": 302.2796718272666, 
        "Dobreta": 163.48700254148645, 
        "Hirsova": 344.06104109590785, 
        "Craiova": 175.1485084150019, 
        "Sibiu": 0.0, 
        "Eforie": 391.05114754978024, 
        "Fagaras": 98.32598842625484, 
        "Urziceni": 271.01660465735307, 
        "Giurgiu": 251.38217916153087, 
        "Oradea": 137.0109484676316, 
        "Timisoara": 122.38463955905577, 
        "Mehadia": 124.27791436936813, 
        "Lugoj": 88.58893836140041, 
        "Arad": 121.16517651536682, 
        "Zerind": 123.60016181219181, 
        "Iasi": 270.4755072090632, 
        "Neamt": 214.478437144623, 
        "Rimnicu Vilcea": 53.71219600798314
    }, 
    "Eforie": {
        "Bucharest": 165.5294535724685, 
        "Pitesti": 253.3554814879678, 
        "Vaslui": 160.0312469488381, 
        "Dobreta": 397.04533746160524, 
        "Hirsova": 63.50590523722971, 
        "Craiova": 309.04045042680093, 
        "Sibiu": 391.05114754978024, 
        "Eforie": 0.0, 
        "Fagaras": 300.6409819036653, 
        "Urziceni": 120.3536455617361, 
        "Giurgiu": 188.40912929048847, 
        "Oradea": 512.8791280604037, 
        "Timisoara": 482.4033581972663, 
        "Mehadia": 396.67619036186176, 
        "Lugoj": 406.20807475972214, 
        "Arad": 511.31399354995165, 
        "Zerind": 512.6012095186667, 
        "Iasi": 230.8462691922917, 
        "Neamt": 289.60662975836726, 
        "Rimnicu Vilcea": 349.1847648452034
    }, 
    "Fagaras": {
        "Bucharest": 154.62535367784935, 
        "Pitesti": 82.37718130647589, 
        "Vaslui": 204.0612653102004, 
        "Dobreta": 205.1828452868319, 
        "Hirsova": 249.48346638605133, 
        "Craiova": 169.1892431568863, 
        "Sibiu": 98.32598842625484, 
        "Eforie": 300.6409819036653, 
        "Fagaras": 0.0, 
        "Urziceni": 180.5602392554906, 
        "Giurgiu": 192.20041623263984, 
        "Oradea": 212.5088233462319, 
        "Timisoara": 214.57399656062708, 
        "Mehadia": 175.6957597667058, 
        "Lugoj": 156.52475842498527, 
        "Arad": 218.27734651126764, 
        "Zerind": 213.3846292496252, 
        "Iasi": 177.40631330367023, 
        "Neamt": 133.9589489358587, 
        "Rimnicu Vilcea": 81.88406438373708
    }, 
    "Urziceni": {
        "Bucharest": 60.53924347066124, 
        "Pitesti": 137.18600511714013, 
        "Vaslui": 107.91200118615167, 
        "Dobreta": 295.4352720986443, 
        "Hirsova": 78.0, 
        "Craiova": 212.25691979297164, 
        "Sibiu": 271.01660465735307, 
        "Eforie": 120.3536455617361, 
        "Fagaras": 180.5602392554906, 
        "Urziceni": 0.0, 
        "Giurgiu": 113.84638773364749, 
        "Oradea": 393.02162790360535, 
        "Timisoara": 366.9386869764484, 
        "Mehadia": 288.20999288713085, 
        "Lugoj": 292.4414471308744, 
        "Arad": 391.6490776192381, 
        "Zerind": 392.2562937672256, 
        "Iasi": 156.92354826475216, 
        "Neamt": 193.56910910576616, 
        "Rimnicu Vilcea": 230.93072554339753
    }, 
    "Giurgiu": {
        "Bucharest": 62.24146527838174,